{"P1":[{"id":"code_preferential_P1_1","name":"滴露滋润倍护健康抑菌洗手液250g一瓶或滴露植物呵护健康抑菌洗手液250g一瓶 价值13.2元","price":"单笔消费满38元加10元现金","desc":"超值换购","limit":"2019.7.31-2019.8.14"},{"id":"code_preferential_P1_2","name":"清风牌面巾纸150抽*3包一提 价值17.9元","price":"单笔消费满38元加10元现金","desc":"超值换购","limit":"2019.7.31-2019.8.14"},{"id":"code_preferential_P1_3","name":"Tasy她树纯水湿巾80 片一包 价值21.9元","price":"单笔消费满38元加10元现金","desc":"超值换购","limit":"2019.7.31-2019.8.14"}],"P2":[{"id":"code_preferential_P2_1","code":6922266448041,"name":"清风金装原木纯品卷筒卫生纸10卷","price":"27.90元/提","limit":"2019.7.31-2019.8.14"},{"id":"code_preferential_P2_2","code":6922266450372,"name":"清风金装原木纯品抽取式面巾纸130抽*8","price":"19.90元/提","limit":"2019.7.31-2019.8.14"},{"id":"code_preferential_P2_3","code":6922266445248,"name":"清风大容量原木纯品抽取式面巾纸180抽*6","price":"14.90元/提","limit":"2019.7.31-2019.8.14"},{"id":"code_preferential_P2_4","code":6933426796261,"name":"泉林本色秸秆面巾纸170抽*6包*2层","price":"20.90元/提","limit":"2019.7.31-2019.8.14"},{"id":"code_preferential_P2_5","code":6933426777697,"name":"泉林本色面巾纸150抽*2层*12包","price":"32.90元/提","limit":"2019.7.31-2019.8.14"},{"id":"code_preferential_P2_6","code":6953631805862,"name":"斑布BASE卫生抽纸100抽*4包","price":"9.90元/提","limit":"2019.7.31-2019.8.14"},{"id":"code_preferential_P2_7","code":6953631801529,"name":"斑布卫生卷纸150g*12卷*3层","price":"35.90元/包","limit":"2019.7.31-2019.8.14"},{"id":"code_preferential_P2_8","code":6903244675604,"name":"心相印竹π本色纸面巾130抽*6包","price":"16.90元/提","limit":"2019.7.31-2019.8.14"},{"id":"code_preferential_P2_9","code":6922868286591,"name":"心相印茶语卷筒卫生纸135g/卷*12卷","price":"19.90元/提","limit":"2019.7.31-2019.8.14"},{"id":"code_preferential_P2_10","code":6903244670258,"name":"心相印心柔系列卷筒卫生纸200g*10卷","price":"27.90元/提","limit":"2019.7.31-2019.8.14"},{"id":"code_preferential_P2_11","code":"6901236385579 \n6901236386002 ","name":"维达超韧抽取式纸面120抽*8包/抽取式纸面巾110抽*8包","price":"19.90元/提","limit":"2019.7.31-2019.8.14"},{"id":"code_preferential_P2_12","code":6901236382516,"name":"维达超韧系列卫生纸140g*10卷","price":"20.90元/包","limit":"2019.7.31-2019.8.14"},{"id":"code_preferential_P2_13","code":6901236387214,"name":"得宝天然无香抽取式纸面巾80抽/包*10包","price":"29.90元/提","limit":"2019.7.31-2019.8.14"},{"id":"code_preferential_P2_14","code":6947509910086,"name":"得宝天然无味迷你纸手帕12包*7片","price":"12.90元/包","limit":"2019.7.31-2019.8.14"},{"id":"code_preferential_P2_15","code":6957270975047,"name":"Tasy她树原生木浆面巾纸110抽*4层*3包","price":"11.90元/提","limit":"2019.7.31-2019.8.14"},{"id":"code_preferential_P2_16","code":6914068026275,"name":"洁柔金尊软抽纸面巾110抽*10包","price":"19.90元/提","limit":"2019.7.31-2019.8.14"},{"id":"code_preferential_P2_17","code":6914068024301,"name":"洁柔低白度自然木有芯卫生纸150g*12","price":"31.90元/提","limit":"2019.7.31-2019.8.14"},{"id":"code_preferential_P2_18","code":6918717004805,"name":"洁云纸面巾130抽*6","price":"9.90元/提","limit":"2019.7.31-2019.8.14"},{"id":"code_preferential_P2_19","code":6918717002900,"name":"洁云方包卫生纸400张","price":"4.99元/包","limit":"2019.7.31-2019.8.14"},{"id":"code_preferential_P2_20","code":6952635007180,"name":"奈丝公主全棉亲肤超薄型日夜两用卫生巾8片","price":"15.8元/包","limit":"2019.7.31-2019.8.14"},{"id":"code_preferential_P2_21","code":6952635007142,"name":"奈丝公主全棉亲肤超薄型日用卫生巾16片","price":"24.50元/包","limit":"2019.7.31-2019.8.14"},{"id":"code_preferential_P2_22","code":6903244372510,"name":"七度空间少女卫生巾28片","price":"19.90元/包","limit":"2019.7.31-2019.8.14"},{"id":"code_preferential_P2_23","code":6903244373043,"name":"七度空间少女超特长纯棉表层夜用卫生巾4片","price":"7.50元/包","limit":"2019.7.31-2019.8.14"},{"id":"code_preferential_P2_24","code":"6903148222300 \n6903148279397 \n6903148222324 ","name":"护舒宝云棉感极薄日用卫生巾34片/少女掌心包淡香棉柔日用卫生巾20片/超净棉丝薄日夜组合装卫生巾20片+8片","price":"19.80元/包","limit":"2019.7.31-2019.8.14"},{"id":"code_preferential_P2_25","code":6934660522258,"name":"苏菲日用洁翼立体棉卫生巾10片","price":"7.50元/包","limit":"2019.7.31-2019.8.14"},{"id":"code_preferential_P2_26","code":6923589464039,"name":"高洁丝夜安裤裤型卫生巾2条","price":"7.90元/包","limit":"2019.7.31-2019.8.14"},{"id":"code_preferential_P2_27","code":6923589463582,"name":"高洁丝棉柔丝薄夜用卫生巾5片","price":"7.20元/包","limit":"2019.7.31-2019.8.14"},{"id":"code_preferential_P2_28","code":6923589466262,"name":"高洁丝臻选系极薄纯棉日用卫生巾25片","price":"22.50元/包","limit":"2019.7.31-2019.8.14"}],"P3":[{"id":"code_preferential_P3_1","code":6970031820134,"name":"云南三七全天候专效迅白牙膏150g","price":"22.80元/支","limit":"2019.7.31-2019.8.14"},{"id":"code_preferential_P3_2","code":6933179230104,"name":"纳美海盐薄荷小苏打源生护龈牙膏120g","price":"9.90元/支","limit":"2019.7.31-2019.8.14"},{"id":"code_preferential_P3_3","code":6970128543045,"name":"舒适达劲速护理牙膏120g","price":"29.80元/支","limit":"2019.7.31-2019.8.14"},{"id":"code_preferential_P3_4","code":6970128544455,"name":"舒适达牙龈护理牙膏180g","price":"38.90元/支","limit":"2019.7.31-2019.8.14"},{"id":"code_preferential_P3_5","code":"6920354821370 \n6920354821325 ","name":"高露洁360健康美白冰凉/牙龈清爽薄荷牙膏200g","price":"第一件24.20元/支,第二件12.10元/支","desc":"仅限同一条码单品","limit":"2019.7.31-2019.8.14"},{"id":"code_preferential_P3_6","code":6920354807794,"name":"高露洁健白防蛀清爽薄荷牙膏200g","price":"第一件13.60元/支,第二件6.80元/支","desc":"仅限同一条码单品","limit":"2019.7.31-2019.8.14"},{"id":"code_preferential_P3_7","code":"6920354824159 \n6920354824142 ","name":"高露洁柠爽亮白/蜂胶舒龈牙膏180g","price":"第一件25.50元/支,第二件12.75元/支","desc":"仅限同一条码单品","limit":"2019.7.31-2019.8.14"},{"id":"code_preferential_P3_8","code":6947446430029,"name":"Tasy她树宽头抗菌牙刷2支","price":"9.90元/卡","limit":"2019.7.31-2019.8.14"},{"id":"code_preferential_P3_9","code":"6902088323634 \n6902088323641 ","name":"力士花漾悦香蔷薇花苑香氛洗发露/精华素470ml","price":"37.80元/瓶","limit":"2019.7.31-2019.8.14"},{"id":"code_preferential_P3_10","code":"6903148131411 \n6903148131404 ","name":"飘柔家庭护理兰花长效洁顺水润/清爽去屑洗发露(家庭装)1L","price":"29.80元/瓶","limit":"2019.7.31-2019.8.14"},{"id":"code_preferential_P3_11","code":6904915642703,"name":"蜂花无硅健发润发乳750ml","price":"29.80元/瓶","limit":"2019.7.31-2019.8.14"},{"id":"code_preferential_P3_12","code":6920177915430,"name":"施华蔻多效修护19洗发露600ml","price":"67.00元/瓶","limit":"2019.7.31-2019.8.14"},{"id":"code_preferential_P3_13","code":78347011812,"name":"天然之扉草本基础洗发露532ml","price":"89.00元/瓶","desc":"产地：美国","limit":"2019.7.31-2019.8.14"},{"id":"code_preferential_P3_14","code":"6903148285169 \n6903148207130 ","name":"舒肤佳柠檬草沁醒净爽/薰衣草舒缓呵护沐浴露1000ml","price":"29.80元/瓶","limit":"2019.7.31-2019.8.14"},{"id":"code_preferential_P3_15","code":"4901872836246 \n4901872836253 ","name":"资生堂可悠然美肌恬静清香/欣怡幽香沐浴露550ml","price":"51.00元/瓶","desc":"产地：日本","limit":"2019.7.31-2019.8.14"},{"id":"code_preferential_P3_16","code":39517394272,"name":"天然之扉茶树清爽滋养沐浴露532ml","price":"109.00元/瓶","desc":"产地：美国","limit":"2019.7.31-2019.8.14"},{"id":"code_preferential_P3_17","code":"3607340718380 \n3607340718335 \n3607340718038 \n3607340717635 \n3607340717185 ","name":"阿迪达斯男士三效洁颜卓越自信/典藏魅力/极限挑战/品味透涼/青春活力洗发沐浴露400ml","price":"34.50元/瓶","desc":"产地：西班牙","limit":"2019.7.31-2019.8.14"},{"id":"code_preferential_P3_18","code":"6926799691721 \n6926799691745 \n6926799691707 ","name":"资生堂水之密语净澄水活倍润型/活控油型洗发露/护发素600ml","price":"51.00元/瓶","limit":"2019.7.31-2019.8.14"},{"id":"code_preferential_P3_19","code":"6944750427295 \n6944750427301 ","name":"滋源生姜强根健发洗头水/护发素(油性)535ml","price":"149.80元/组","desc":"组合价","limit":"2019.7.31-2019.8.14"},{"id":"code_preferential_P3_20","code":"6944750427271 \n6944750427288 ","name":"滋源生姜强根健发中干护发素/洗头水535ml","price":"149.80元/组","desc":"组合价","limit":"2019.7.31-2019.8.14"}],"P4":[{"id":"code_preferential_P4_1","code":6954256901243,"name":"威王洗衣机槽清洁剂375g","price":"12.5元/盒","limit":"2019.7.31-2019.8.14"},{"id":"code_preferential_P4_2","code":6954256900000,"name":"威王10效全能厨房清洁剂500g","price":"15.90元/瓶","limit":"2019.7.31-2019.8.14"},{"id":"code_preferential_P4_3","code":6920174745443,"name":"立白青柠洗洁精1.45kg","price":"11.90元/瓶","limit":"2019.7.31-2019.8.14"},{"id":"code_preferential_P4_4","code":"6954123201292 \n6954123201285 ","name":"Tondon天顿柠檬/生姜洗洁精1.38kg","price":"9.90元/瓶","limit":"2019.7.31-2019.8.14"},{"id":"code_preferential_P4_5","code":6936194414450,"name":"Tondon天顿内衣专用皂100g","price":"2.90元/块","limit":"2019.7.31-2019.8.14"},{"id":"code_preferential_P4_6","code":6910019008260,"name":"超能柠檬草洗衣皂(惊爆装)260g*2","price":"8.90元/组","limit":"2019.7.31-2019.8.14"},{"id":"code_preferential_P4_7","code":6910019012519,"name":"超能内衣专用皂(超值装)202g*2","price":"7.80元/组","limit":"2019.7.31-2019.8.14"},{"id":"code_preferential_P4_8","code":6903148281215,"name":"舒肤佳纯白清香型洗手液特惠装450ml+300ml","price":"16.80元/组","limit":"2019.7.31-2019.8.14"},{"id":"code_preferential_P4_9","code":"6902088708936 \n6902088708998 ","name":"奥妙全自动/含金纺馨香精华无磷洗衣粉3kg","price":"26.80元/袋","limit":"2019.7.31-2019.8.14"},{"id":"code_preferential_P4_10","code":6925911517109,"name":"威露士衣物除菌液2.5L","price":"63.90元/瓶","limit":"2019.7.31-2019.8.14"},{"id":"code_preferential_P4_11","code":6910019016135,"name":"雕牌全渍净健康除菌洗衣液3.5kg+3.5kg","price":"69.80元/组","limit":"2019.7.31-2019.8.14"},{"id":"code_preferential_P4_12","code":6903148019221,"name":"汰渍净白无磷洗衣粉5kg","price":"36.90元/包","limit":"2019.7.31-2019.8.14"},{"id":"code_preferential_P4_13","code":4902430833042,"name":"碧浪长效抑菌超低泡洗衣凝珠336g","price":"第一件66.90元/盒，第二件1.00元/盒","desc":"仅限同一条码单品","limit":"2019.7.31-2019.8.14"},{"id":"code_preferential_P4_14","code":"6902088714616 \n6902088715941 \n6902088714722 ","name":"奥妙深层洁净/亮白焕彩/除菌除螨洗衣液3.5kg","price":"43.80元/瓶","limit":"2019.7.31-2019.8.14"},{"id":"code_preferential_P4_15","code":4902430833325,"name":"汰渍3合1天然护衣洗衣凝珠356g","price":"第一件66.50元/盒，第二件1.00元/盒","desc":"仅限同一条码单品","limit":"2019.7.31-2019.8.14"},{"id":"code_preferential_P4_16","code":819504011272,"name":"Ability自然香洗衣液2L","price":"29.50元/瓶","desc":"产地：美国","limit":"2019.7.31-2019.8.14"},{"id":"code_preferential_P4_17","code":4901080179418,"name":"安速芳香贴24枚","price":"39.90元/袋","desc":"产地：韩国","limit":"2019.7.31-2019.8.14"},{"id":"code_preferential_P4_18","code":4901080955517,"name":"安速无香型驱蚊液200ml","price":"58.00元/瓶","desc":"产地：日本","limit":"2019.7.31-2019.8.14"},{"id":"code_preferential_P4_19","code":6920174762891,"name":"超威亮滑洁厕净500g","price":"10.35元/瓶","limit":"2019.7.31-2019.8.14"},{"id":"code_preferential_P4_20","code":6920174735529,"name":"超威无香电蚊香片78片送直插式加热器套装72片+器","price":"17.10元/盒","limit":"2019.7.31-2019.8.14"},{"id":"code_preferential_P4_21","code":6920174735611,"name":"超威茉莉清香杀虫气雾剂500ml","price":"12.38元/瓶","limit":"2019.7.31-2019.8.14"},{"id":"code_preferential_P4_22","code":6920174741872,"name":"超威捕蟑屋3+13+1","price":"13.50元/盒","limit":"2019.7.31-2019.8.14"},{"id":"code_preferential_P4_23","code":"6920174748871 \n6920174742534 ","name":"立白好爸爸Kispa天然薰香洗衣液(特惠装)2.38kg*2瓶/立白好爸爸天然亲肤粒子皂210g*2块","price":"69.90元/组","desc":"组合价 赠送好爸爸亲肤洗衣露220g1瓶 好爸爸购物袋1只","limit":"2019.7.31-2019.8.14"}],"P5":[{"id":"code_preferential_P5_1","code":"6903148274712 \n6903148274729 ","name":"Olay焕采莹润沁透补水面膜24g*10/紧致沁透弹力面膜24g*8","price":"第一件198.00元/盒，第二件0.10元/盒","desc":"仅限同一条码单品","limit":"2019.7.31-2019.8.14"},{"id":"code_preferential_P5_2","code":6903148281321,"name":"OLAY水感透白光塑精华露+OLAY新生塑颜空气感凝霜30ml+50g","price":"399.00元/盒","limit":"2019.7.31-2019.8.14"},{"id":"code_preferential_P5_3","code":6903148277164,"name":"OLAY新生塑颜150ml+50g+7ml+14g","price":"339.00元/盒","limit":"2019.7.31-2019.8.14"},{"id":"code_preferential_P5_4","code":6903148169261,"name":"Olay Pro-x by 肌源活颜眼霜15ml","price":"299.00元/瓶","limit":"2019.7.31-2019.8.14"},{"id":"code_preferential_P5_5","code":"6902088112962 \n6902088112993 ","name":"清扬多效水润养护型/控油平衡型去屑洗发露400ml","price":"32.80元/瓶","limit":"2019.7.31-2019.8.14"},{"id":"code_preferential_P5_6","code":6903148044957,"name":"海飞丝丝质柔滑型去屑洗发露750ml","price":"55.80元/瓶","limit":"2019.7.31-2019.8.14"},{"id":"code_preferential_P5_7","code":8809539443010,"name":"吕滋养韧发密集强韧油性头皮明星组合400ml","price":"78.40元/盒","desc":"产地：韩国","limit":"2019.7.31-2019.8.14"},{"id":"code_preferential_P5_8","code":41100706737,"name":"确美同水宝宝纯净防晒乳237ml","price":"99.00元/瓶","desc":"产地：美国","limit":"2019.7.31-2019.8.14"},{"id":"code_preferential_P5_9","code":"6923700905335 \n6928820022320 ","name":"欧莱雅男士橡木炭净彻深层/活泉劲爽男士去屑洗发露400ml","price":"29.90元/瓶","limit":"2019.7.31-2019.8.14"},{"id":"code_preferential_P5_10","code":"6902088325348 \n6902088325355 \n6902088325362 \n6902088325379 ","name":"清扬男士平衡控油冰凉酷爽/净澈控油/水润平衡/活力运动沐浴露400g","price":"27.50元/瓶","limit":"2019.7.31-2019.8.14"},{"id":"code_preferential_P5_11","code":4550084686028,"name":"爱伽丝无香型防晒喷雾100g","price":"69.00元/瓶","desc":"产地：日本","limit":"2019.7.31-2019.8.14"},{"id":"code_preferential_P5_12","code":4547691770936,"name":"冈本无感透薄天然胶乳橡胶避孕套10片","price":"45.90元/盒","desc":"产地：泰国","limit":"2019.7.31-2019.8.14"},{"id":"code_preferential_P5_13","code":4547691239136,"name":"冈本极限超薄纯味避孕套10片装","price":"27.90元/盒","limit":"2019.7.31-2019.8.14"},{"id":"code_preferential_P5_14","code":7702018358908,"name":"吉列维纳斯娇点女士专用剃毛刀架1刀架+1刀头","price":"49.90元/盒","limit":"2019.7.31-2019.8.14"},{"id":"code_preferential_P5_15","code":6900068810761,"name":"吉列威锋3强化刀架1刀架1刀头","price":"15.90元/盒","limit":"2019.7.31-2019.8.14"},{"id":"code_preferential_P5_16","code":6920236701349,"name":"Tasy她树竹棒棉签200支*2","price":"9.90元/袋","limit":"2019.7.31-2019.8.14"},{"id":"code_preferential_P5_17","code":"6903148179727 \n6903148179758 \n6903148184608 \n6903148199183 ","name":"海飞丝男士多效水润动能型/活力酷爽型/强根防掉型/净爽控油型去屑洗发露380ml","price":"第一件48.90元/瓶，第二件48.89元/瓶，第三件0.01元/瓶","desc":"仅限同一条码单品","limit":"2019.7.31-2019.8.14"}],"P6":[],"P7":[{"id":"code_preferential_P7_1","code":6948195810407,"name":"金龙鱼外婆乡小榨菜籽油4L","price":"零售价：79.90元/瓶 会员价：59.90元/瓶  省：20.00元","desc":"零售价：79.90元/瓶 会员价：59.90元/瓶  省：20.00元","limit":"2019.7.31-2019.8.13"},{"id":"code_preferential_P7_2","code":6949352201014,"name":"雪花9度冰酷啤酒330ml*6","price":"零售价：18.00元/组 会员价：9.90元/组  省：8.10元","desc":"零售价：18.00元/组 会员价：9.90元/组  省：8.10元","limit":"2019.7.31-2019.8.13"},{"id":"code_preferential_P7_3","code":6932344001020,"name":"吴越稽山绍兴花雕酒2.1L","price":"零售价：23.60元/桶 会员价：9.90元/桶  省：13.70元","desc":"零售价：23.60元/桶 会员价：9.90元/桶  省：13.70元","limit":"2019.7.31-2019.8.13"},{"id":"code_preferential_P7_4","code":6947907700111,"name":"福稻佳水晶米10kg","price":"零售价：84.80元/袋 会员价：59.90元/袋  省：24.90元","desc":"零售价：84.80元/袋 会员价：59.90元/袋  省：24.90元","limit":"2019.7.31-2019.8.13"},{"id":"code_preferential_P7_5","code":6948195840848,"name":"金龙鱼高筋麦芯小麦粉5kg","price":"零售价：40.00元/包 会员价：25.90元/包  省：14.10元","desc":"零售价：40.00元/包 会员价：25.90元/包  省：14.10元","limit":"2019.7.31-2019.8.13 全省总限量1000箱"},{"id":"code_preferential_P7_6","code":6942836711511,"name":"好时曲奇奶香白巧克力（纷享装）210g","price":"零售价：36.80元/盒 会员价：25.80元/盒  省：11.00元","desc":"零售价：36.80元/盒 会员价：25.80元/盒  省：11.00元"},{"id":"code_preferential_P7_7","code":6901294179608,"name":"六神喷雾驱蚊花露水180ml","price":"零售价：20.00元/瓶 会员价：15.00元/瓶  省：5.00元","desc":"零售价：20.00元/瓶 会员价：15.00元/瓶  省：5.00元","limit":"2019.7.31-2019.8.13"},{"id":"code_preferential_P7_8","code":"6903148270585 \n6903148270592 ","name":"海飞丝丝质柔滑型/清爽去屑洗发露1.28L","price":"零售价：139.00元/瓶 会员价：55.80元/瓶  省：83.20元","desc":"零售价：139.00元/瓶 会员价：55.80元/瓶  省：83.20元","limit":"2019.7.31-2019.8.13"},{"id":"code_preferential_P7_9","code":6910019011765,"name":"超能植翠鲜艳亮丽洗衣液1kg","price":"零售价：19.90元/袋 会员价：9.90元/袋  省：10.00元","desc":"零售价：19.90元/袋 会员价：9.90元/袋  省：10.00元","limit":"2019.7.31-2019.8.13"},{"id":"code_preferential_P7_10","code":6910019009373,"name":"雕牌全效加浓洗洁精1.02kg","price":"零售价：14.80元/瓶 会员价：9.90元/瓶  省：4.90元","desc":"零售价：14.80元/瓶 会员价：9.90元/瓶  省：4.90元","limit":"2019.7.31-2019.8.13"},{"id":"code_preferential_P7_11","code":6901236387870,"name":"维达卫生纸12卷","price":"零售价：39.90元/提 会员价：19.90元/提  省：20.00元","desc":"零售价：39.90元/提 会员价：19.90元/提  省：20.00元","limit":"2019.7.31-2019.8.13"},{"id":"code_preferential_P7_12","code":6922266450846,"name":"清风原木金装抽取式面纸140抽*6","price":"零售价：26.90元/提 会员价：19.90元/提  省：7.00元","desc":"零售价：26.90元/提 会员价：19.90元/提  省：7.00元","limit":"2019.7.31-2019.8.13"},{"id":"code_preferential_P7_13","code":6948195861249,"name":"金龙鱼优质东北大米10kg","price":"零售价：73.90元/袋 会员价：59.99元/袋 省：13.91元","desc":"零售价：73.90元/袋 会员价：59.99元/袋 省：13.91元","limit":"2019.8.7-2019.8.13"},{"id":"code_preferential_P7_14","code":6949352200024,"name":"雪花8度勇闯天涯迷彩啤酒330ml*6","price":"零售价：24.00元/组 会员价：10.90元/组 省：13.10元","desc":"零售价：24.00元/组 会员价：10.90元/组 省：13.10元","limit":"2019.8.7-2019.8.13"},{"id":"code_preferential_P7_15","code":"6914973604223 \n6914973604278 ","name":"德芙丝滑牛奶/奶香白巧克力252g","price":"零售价：36.00元/盒 会员价：29.90元/盒 省：6.10元","desc":"零售价：36.00元/盒 会员价：29.90元/盒 省：6.10元","limit":"2019.8.7-2019.8.13"},{"id":"code_preferential_P7_16","code":6905014300303,"name":"西麦燕麦片1.12kg","price":"零售价：29.20元/袋 会员价：15.90元/袋 省：13.30元","desc":"零售价：29.20元/袋 会员价：15.90元/袋 省：13.30元","limit":"2019.8.7-2019.8.13"},{"id":"code_preferential_P7_17","code":6903148285169,"name":"舒肤佳柠檬草沁醒净爽沐浴露1000ml","price":"零售价：44.90元/瓶 会员价：29.80元/瓶 省：15.10元","desc":"零售价：44.90元/瓶 会员价：29.80元/瓶 省：15.10元","limit":"2019.8.7-2019.8.13"},{"id":"code_preferential_P7_18","code":6918717035007,"name":"洁伴平板卫生纸460g","price":"零售价：4.90元/包  会员价：3.60元/包 省：1.30元","desc":"零售价：4.90元/包  会员价：3.60元/包 省：1.30元","limit":"2019.8.7-2019.8.13"},{"id":"code_preferential_P7_19","code":6914068015361,"name":"洁柔Face天然无香迷你型手帕纸12包","price":"零售价：9.90元/包  会员价：7.90元/包 省：2.00元","desc":"零售价：9.90元/包  会员价：7.90元/包 省：2.00元","limit":"2019.8.7-2019.8.13"},{"id":"code_preferential_P7_20","code":6933426724172,"name":"泉林本色卫生卷纸150g*12卷","price":"零售价：41.70元/提 会员价：25.90元/提 省：15.80元","desc":"零售价：41.70元/提 会员价：25.90元/提 省：15.80元","limit":"2019.8.7-2019.8.13"},{"id":"code_preferential_P7_21","code":6971447395803,"name":"优品生活女士超柔天鹅绒防勾短丝袜（5双装）22-24cm","price":"零售价：15.90元/组 会员价：9.00元/组 省：6.90元","desc":"零售价：15.90元/组 会员价：9.00元/组 省：6.90元","limit":"2019.8.7-2019.8.13"},{"id":"code_preferential_P7_22","code":6954840910026,"name":"BL一级菜籽油5L","price":"零售价：54.90元/瓶 会员价：41.90元/瓶 省：13.00元","desc":"零售价：54.90元/瓶 会员价：41.90元/瓶 省：13.00元","limit":"2019.8.7-2019.8.13"}],"P8":[{"id":"code_preferential_P8_1","name":"飞利浦剃须刀S566","price":"429.00元/台","limit":"2019.7.31-2019.8.14"},{"id":"code_preferential_P8_2","name":"飞利浦电动牙刷HX3216","price":"229.00元/台","limit":"2019.7.31-2019.8.14"},{"id":"code_preferential_P8_3","name":"农心","price":"7.5折","desc":"卖场价格已为折后价","limit":"2019.7.31-2019.8.14"},{"id":"code_preferential_P8_4","name":"六月鲜","price":"7折","desc":"卖场价格已为折后价","limit":"2019.7.31-2019.8.14"},{"id":"code_preferential_P8_5","code":6948934634707,"name":"UPSH多功能裤架2支","price":"6.90元/卡","limit":"2019.7.31-2019.8.14"},{"id":"code_preferential_P8_6","code":"6921970205339 \n6921970205346 ","name":"UPSH居家按摩男式凉拖255-275/女式凉拖230-250","price":"19.90元/双","limit":"2019.7.31-2019.8.14"},{"id":"code_preferential_P8_7","code":6953999310428,"name":"优品生活素色浴巾(L)70*140cm","price":"59.00元/条","limit":"2019.7.31-2019.8.14"},{"id":"code_preferential_P8_8","code":6932780602720,"name":"优品生活简约素色靠垫50*50cm","price":"49.00元/个","limit":"2019.7.31-2019.8.14"},{"id":"code_preferential_P8_9","code":6928261731027,"name":"长相知冰丝枕席套48*74cm","price":"14.90元/只","limit":"2019.7.31-2019.8.14"},{"id":"code_preferential_P8_10","code":6971107623062,"name":"埃美沃家简约羽丝绒枕芯48*74cm","price":"29.00元/只","limit":"2019.7.31-2019.8.14"},{"id":"code_preferential_P8_11","code":6971107624069,"name":"埃美沃家雪山藤茶香枕36*59cm","price":"34.90元/只","limit":"2019.7.31-2019.8.14"},{"id":"code_preferential_P8_12","code":6928261730945,"name":"长相知雅尊双面竹凉席90*195cm","price":"109.00元/条","limit":"2019.7.31-2019.8.14"},{"id":"code_preferential_P8_13","code":"6926991117111","name":"红叶通用便携防雨鞋套s/m/l","price":"4.90元/双","limit":"2019.7.31-2019.8.14"},{"id":"code_preferential_P8_14","code":6926991154925,"name":"红叶三折碰姿黑胶超细铅笔伞54*7k","price":"19.90元/把","limit":"2019.7.31-2019.8.14"},{"id":"code_preferential_P8_15","code":6926991175326,"name":"红叶三折特大易甩干商务伞65cm*10k","price":"29.90元/把","limit":"2019.7.31-2019.8.14"},{"id":"code_preferential_P8_16","code":6926991176668,"name":"红叶三折曼古花都伞","price":"19.90元/把","limit":"2019.7.31-2019.8.14"},{"id":"code_preferential_P8_17","code":6917751540331,"name":"妙洁喷水拖","price":"99.00元/把","limit":"2019.7.31-2019.8.14"},{"id":"code_preferential_P8_18","code":6917751460646,"name":"妙洁尘必洁耐用扫把簸箕组合装","price":"35.90元/把","limit":"2019.7.31-2019.8.14"},{"id":"code_preferential_P8_19","code":6917751416001,"name":"妙洁食品用PE保鲜膜30cm*60m","price":"9.45元/卷","limit":"2019.7.31-2019.8.14"},{"id":"code_preferential_P8_20","code":6917751430045,"name":"妙洁点断式大号保鲜袋35*25cm","price":"8.90元/卷","limit":"2019.7.31-2019.8.14"},{"id":"code_preferential_P8_21","code":"6917751430595 \n6917751430601 \n6917751430588 ","name":"妙洁B型厚实垃圾袋大号50*60cm/20只*3卷/中号厚实垃圾袋45*50cm/30只*3卷/小号厚实垃圾袋40*45cm/40只*3卷超值装","price":"7.75元/组","limit":"2019.7.31-2019.8.14"}],"P9":[{"id":"code_preferential_P9_1","code":6901035200608,"name":"崂山清爽啤酒500ml","price":"2.00元/听","limit":"2019.7.31-2019.8.14"},{"id":"code_preferential_P9_2","code":6901035605328,"name":"青岛啤酒500ml","price":"4.90元/罐","limit":"2019.7.31-2019.8.14"},{"id":"code_preferential_P9_3","code":6900228381124,"name":"朝日超爽生啤酒500ml","price":"6.90元/听","limit":"2019.7.31-2019.8.14"},{"id":"code_preferential_P9_4","code":6900228233034,"name":"朝日超爽生啤酒(六连包)330ml*6","price":"28.90元/组","limit":"2019.7.31-2019.8.14"},{"id":"code_preferential_P9_5","code":"6934024590268 \n6934024590169 \n6934024590367 ","name":"佳得乐冰橙味运动/冰柠味运动/蓝莓味饮料600ml","price":"3.40元/瓶","limit":"2019.7.31-2019.8.14"},{"id":"code_preferential_P9_6","code":"6921168594368 \n6921168594351 ","name":"农夫山泉尖叫休闲型青芒味/白桃味运动饮料550ml","price":"3.50元/瓶","limit":"2019.7.31-2019.8.14"},{"id":"code_preferential_P9_7","code":"6942404210057 \n6942404220056 \n6942404230055 ","name":"百事可乐/七喜柠檬味汽水/美年达橙味汽水2.5L","price":"6.00元/瓶","limit":"2019.7.31-2019.8.14"},{"id":"code_preferential_P9_8","code":"6920459945841 \n6920459945865 ","name":"贝纳颂经典曼特宁风味/意式风味咖啡饮料280ml*3","price":"13.80元/组","limit":"2019.7.31-2019.8.14"},{"id":"code_preferential_P9_9","code":6921168502127,"name":"农夫山泉饮用天然水量贩装380ml*12","price":"10.90元/组","limit":"2019.7.31-2019.8.14"},{"id":"code_preferential_P9_10","code":6917878033204,"name":"雀巢咖啡丝滑拿铁咖啡饮料(三瓶装)268ml*3","price":"13.80元/组","limit":"2019.7.31-2019.8.14"},{"id":"code_preferential_P9_11","code":6934502301577,"name":"东鹏特饮维生素功能饮料250ml*6","price":"16.90元/组","limit":"2019.7.31-2019.8.14"},{"id":"code_preferential_P9_12","code":6956367338840,"name":"王老吉凉茶310ml*12","price":"38.00元/组","limit":"2019.7.31-2019.8.14"},{"id":"code_preferential_P9_13","code":4891599331288,"name":"加多宝凉茶整箱装310ml*24","price":"68.80元/箱","limit":"2019.7.31-2019.8.14"}],"P10":[{"id":"code_preferential_P10_1","code":"6923146100028 \n6914973604520 ","name":"杜蕾斯超薄型安全套12枚+德芙摩卡榛仁和牛奶夹心巧克力150g","price":"90.00元/盒","desc":"组合价 精品超市不参加","limit":"2019.7.31-2019.8.14"},{"id":"code_preferential_P10_2","code":"6923146114957 \n6914973604506 ","name":"杜蕾斯Air至薄幻隐天然胶乳橡胶避孕套6只+德芙精心之选多种口味巧克力140g","price":"128.00元/盒","desc":"组合价 精品超市不参加","limit":"2019.7.31-2019.8.14"},{"id":"code_preferential_P10_3","code":6914973606753,"name":"德芙尊幕礼盒巧克力280g","price":"128.00元/盒","limit":"2019.7.31-2019.8.14"},{"id":"code_preferential_P10_4","code":"6942836700348 \n6942836700355 ","name":"好时精选巧克力礼盒160g","price":"49.90元/盒","limit":"2019.7.31-2019.8.14"},{"id":"code_preferential_P10_5","code":6905596006211,"name":"威龙原生级有机干红葡萄酒750ml","price":"118.00元/瓶","limit":"2019.7.31-2019.8.14"},{"id":"code_preferential_P10_6","code":6901009923656,"name":"长城五星赤霞珠干红葡萄酒1L","price":"416.00元/瓶","limit":"2019.7.31-2019.8.14"},{"id":"code_preferential_P10_7","code":8993175545082,"name":"纳宝帝软心趣布朗尼风味注心曲奇饼干112g","price":"5.50元/盒","desc":"产地：印度尼西亚","limit":"2019.7.31-2019.8.14"},{"id":"code_preferential_P10_8","code":8993175537391,"name":"丽芝士纳宝帝奶酪威化饼干200g","price":"9.80元/盒","desc":"产地：印度尼西亚","limit":"2019.7.31-2019.8.14"},{"id":"code_preferential_P10_9","code":4712883839641,"name":"贤惠娘子功夫手撕五香味肉干136g","price":"23.70元/盒","limit":"2019.7.31-2019.8.14"},{"id":"code_preferential_P10_10","code":"6930058201118 \n6930058200333 \n6930058201101 ","name":"欢乐禧禧烧烤味岩烧/芝麻夹心/原味岩烧海苔20g","price":"10.50元/包","limit":"2019.7.31-2019.8.14"},{"id":"code_preferential_P10_11","code":8801906168502,"name":"趣莱福蟹味虾片240g","price":"32.90元/袋","desc":"产地：韩国","limit":"2019.7.31-2019.8.14"}],"P11":[{"id":"code_preferential_P11_1","code":6903087000083,"name":"买价值270元胡庆余堂牌铁皮枫斗晶礼盒装（3g*6袋*3盒）","desc":"送价值165元的胡庆余堂铁皮枫斗晶一盒（3g*12袋) ","limit":"2019.8.1-2019.8.14 限量500份"},{"id":"code_preferential_P11_2","code":9344949000174,"name":"美可卓脱脂奶粉1kg","price":"147.90元/罐","desc":"产地：澳大利亚","limit":"2019.7.31-2019.8.14"},{"id":"code_preferential_P11_3","code":4711561462942,"name":"森田薬粧森田玻尿酸复合原液面膜30ml*10片","price":"64.50元/盒","desc":"产地：中国台湾","limit":"2019.7.31-2019.8.14"},{"id":"code_preferential_P11_4","code":8809237825262,"name":"SNP斯内普黄金胶原蛋白精华面膜25ml*10p","price":"69.00元/盒","desc":"产地：韩国","limit":"2019.7.31-2019.8.14"},{"id":"code_preferential_P11_5","code":8809505542143,"name":"肌司研水滋养水盈补水黑臻版面膜35ml*10","price":"69.00元/盒","desc":"产地：韩国","limit":"2019.7.31-2019.8.14"},{"id":"code_preferential_P11_6","code":6941242903749,"name":"银座拉杆箱55*34*26cm","price":"455.50元/只","limit":"2019.7.31-2019.8.14"},{"id":"code_preferential_P11_7","code":6901209252402,"name":"光明红枣风味发酵乳100g*16","price":"14.90元/组","limit":"2019.7.31-2019.8.14"},{"id":"code_preferential_P11_8","code":6901209309946,"name":"光明纯鲜牛奶1.5L","price":"19.90元/瓶","limit":"2019.7.31-2019.8.14"},{"id":"code_preferential_P11_9","code":6904432302197,"name":"维维无添加蔗糖豆浆粉330g","price":"12.50元/袋","limit":"2019.7.31-2019.8.14"},{"id":"code_preferential_P11_10","code":"6955190304633 \n6955190304626 ","name":"高纤宝芝士味/原味酸奶蛋黄酥208g","price":"22.50元/袋","limit":"2019.7.31-2019.8.14"},{"id":"code_preferential_P11_11","code":6916499304922,"name":"金日禾野无加蔗糖速溶燕麦片900g","price":"22.50元/桶","limit":"2019.7.31-2019.8.14"},{"id":"code_preferential_P11_12","code":"4000446017057 \n4000446017002 ","name":"捷森早餐/水果麦片1kg","price":"42.90元/袋","desc":"产地：德国","limit":"2019.7.31-2019.8.14"},{"id":"code_preferential_P11_13","code":6916499306728,"name":"金日禾野原味猴菇米稀480g","price":"67.00元/盒","limit":"2019.7.31-2019.8.14"},{"id":"code_preferential_P11_14","code":6916168616301,"name":"鲁花5S压榨一级花生油1L","price":"29.90元/瓶","limit":"2019.7.31-2019.8.14"},{"id":"code_preferential_P11_15","code":6948195813224,"name":"金龙鱼玉米茶籽食用调和油5L","price":"59.90元/桶","limit":"2019.7.31-2019.8.14"},{"id":"code_preferential_P11_16","code":6926650320531,"name":"红井源压榨一级亚麻籽油1.2L","price":"68.00元/桶","limit":"2019.7.31-2019.8.14"},{"id":"code_preferential_P11_17","code":4891388110476,"name":"刀唛芥花籽油5L","price":"69.90元/瓶","limit":"2019.7.31-2019.8.14"},{"id":"code_preferential_P11_18","code":6931211901036,"name":"优飨压榨一级山茶油4L","price":"329.00元/瓶","limit":"2019.7.31-2019.8.14"},{"id":"code_preferential_P11_19","code":"6928312994692 \n6928312900075 ","name":"千禾鼎鼎鲜135头道/特级红烧酱油500ml","price":"7.70元/瓶","limit":"2019.7.31-2019.8.14"},{"id":"code_preferential_P11_20","code":6949778002264,"name":"禾为美鲜糯东北长粒香米8kg","price":"49.90元/包","limit":"2019.7.31-2019.8.14"},{"id":"code_preferential_P11_21","code":6926347844463,"name":"丑粮珍珠香吉林大米5kg","price":"58.90元/袋","limit":"2019.7.31-2019.8.14"},{"id":"code_preferential_P11_22","code":6953999371757,"name":"优飨稻花香大米礼盒5kg","price":"79.90元/盒","limit":"2019.7.31-2019.8.14"}],"P12":[],"P13":[{"id":"code_preferential_P13_1","code":8801048311002,"name":"真露桃桃酒355ml","price":"6.90元/罐","desc":"产地：韩国","limit":"2019.7.31-2019.8.14"},{"id":"code_preferential_P13_2","code":8809102325613,"name":"韩馫蜂蜜柚子茶580g","price":"24.50元/瓶","desc":"产地：韩国","limit":"2019.7.31-2019.8.14"},{"id":"code_preferential_P13_3","code":8809102320212,"name":"全南蜂蜜柚子茶1kg","price":"39.50元/瓶","desc":"产地：韩国","limit":"2019.7.31-2019.8.14"},{"id":"code_preferential_P13_4","code":8801204007961,"name":"味觉诱惑香蕉牛奶味鸡蛋饼干180g","price":"14.70元/袋","desc":"产地：韩国","limit":"2019.7.31-2019.8.14"},{"id":"code_preferential_P13_5","code":8801073210363,"name":"三养超辣鸡肉味碗面105g","price":"9.90元/碗","desc":"产地：韩国","limit":"2019.7.31-2019.8.14"},{"id":"code_preferential_P13_6","code":8801039931578,"name":"海牌芥末味海苔2g*8","price":"9.80元/包","desc":"产地：韩国","limit":"2019.7.31-2019.8.14"}],"P14":[{"id":"code_preferential_P14_1","code":8801105910964,"name":"海太桃果粒果汁饮料238ml","price":"3.50元/罐","desc":"产地：韩国","limit":"2019.7.31-2019.8.14"},{"id":"code_preferential_P14_2","code":8801056936013,"name":"乐天粒粒果肉橙汁238ml","price":"4.94元/罐","desc":"产地：韩国","limit":"2019.7.31-2019.8.14"},{"id":"code_preferential_P14_3","code":"8801128946315 \n8801128945073 \n8801128945288 ","name":"啵乐乐热带水果味/牛奶味/草莓味饮料235ml","price":"5.90元/瓶","desc":"产地：韩国","limit":"2019.7.31-2019.8.14"},{"id":"code_preferential_P14_4","code":"8801128945462 \n8809296888567 ","name":"啵乐乐苹果味/青葡萄味饮料235ml","price":"6.90元/瓶","desc":"产地：韩国","limit":"2019.7.31-2019.8.14"},{"id":"code_preferential_P14_5","code":8801048951000,"name":"新真露竹炭酒360ml","price":"10.50元/瓶","desc":"产地：韩国","limit":"2019.7.31-2019.8.14"},{"id":"code_preferential_P14_6","code":8801048941001,"name":"真露竹炭酒360ml","price":"10.50元/瓶","desc":"产地：韩国","limit":"2019.7.31-2019.8.14"},{"id":"code_preferential_P14_7","code":8801152234501,"name":"初饮初乐烧酒360ml","price":"12.60元/瓶","desc":"产地：韩国","limit":"2019.7.31-2019.8.14"},{"id":"code_preferential_P14_8","code":8801048921102,"name":"青葡萄真露烧酒360ml","price":"13.60元/瓶","desc":"产地：韩国","limit":"2019.7.31-2019.8.14"},{"id":"code_preferential_P14_9","code":8801048921003,"name":"西柚真露烧酒360ml","price":"13.80元/瓶","desc":"产地：韩国","limit":"2019.7.31-2019.8.14"},{"id":"code_preferential_P14_10","code":8801048301003,"name":"梅花秀果子酒300ml","price":"19.60元/瓶","desc":"产地：韩国","limit":"2019.7.31-2019.8.14"},{"id":"code_preferential_P14_11","code":8801100128838,"name":"好天好饮柚子味利口酒360ml","price":"13.80元/瓶","desc":"产地：韩国","limit":"2019.7.31-2019.8.14"},{"id":"code_preferential_P14_12","code":8802340112168,"name":"初饮初乐桃子味配制酒360ml","price":"15.50元/瓶","desc":"产地：韩国","limit":"2019.7.31-2019.8.14"},{"id":"code_preferential_P14_13","code":8801021214320,"name":"福佳白啤酒500ml","price":"11.50元/罐","desc":"产地：韩国","limit":"2019.7.31-2019.8.14"},{"id":"code_preferential_P14_14","code":8803876303006,"name":"真露玛可利米酒750ml","price":"16.80元/瓶","desc":"产地：韩国","limit":"2019.7.31-2019.8.14"}],"P15":[{"id":"code_preferential_P15_1","code":8809102320434,"name":"全南蜂蜜柚子茶580g","price":"26.90元/瓶","desc":"产地：韩国","limit":"2019.7.31-2019.8.14"},{"id":"code_preferential_P15_2","code":8802373110674,"name":"农协蜂蜜柚子茶550g","price":"27.30元/瓶","desc":"产地：韩国","limit":"2019.7.31-2019.8.14"},{"id":"code_preferential_P15_3","code":8802920005002,"name":"韩今蜂蜜柠檬茶550g","price":"39.20元/瓶","desc":"产地：韩国","limit":"2019.7.31-2019.8.14"},{"id":"code_preferential_P15_4","code":8802920003923,"name":"韩今蜂蜜柚子茶550g","price":"39.90元/瓶","desc":"产地：韩国","limit":"2019.7.31-2019.8.14"},{"id":"code_preferential_P15_5","code":8802373110681,"name":"农协蜂蜜柚子茶1kg","price":"41.30元/瓶","desc":"产地：韩国","limit":"2019.7.31-2019.8.14"},{"id":"code_preferential_P15_6","code":8802920880333,"name":"韩馫蜂蜜百香果茶1kg","price":"59.80元/瓶","desc":"产地：韩国","limit":"2019.7.31-2019.8.14"},{"id":"code_preferential_P15_7","code":8801062482788,"name":"乐天酸乳味软糖50g","price":"12.80元/袋","desc":"产地：韩国","limit":"2019.7.31-2019.8.14"},{"id":"code_preferential_P15_8","code":8801204007954,"name":"味觉诱惑原味鸡蛋饼干180g","price":"13.50元/袋","desc":"产地：韩国","limit":"2019.7.31-2019.8.14"},{"id":"code_preferential_P15_9","code":8801151115085,"name":"爱宝乐园原味爆米花140g","price":"10.90元/袋","desc":"产地：韩国","limit":"2019.7.31-2019.8.14"},{"id":"code_preferential_P15_10","code":"8801019608933 \n8801019608759 ","name":"海太槭树糖浆蜂蜜黄油薯片/鲜虾味膨化片60g","price":"13.50元/袋","desc":"产地：韩国","limit":"2019.7.31-2019.8.14"},{"id":"code_preferential_P15_11","code":8809399461094,"name":"莱以轩跳跳糖型巧克力味涂层饼干144g","price":"23.50元/桶","desc":"产地：韩国","limit":"2019.7.31-2019.8.14"},{"id":"code_preferential_P15_12","code":8801906168472,"name":"趣莱福香蕉酸奶味虾片240g","price":"32.80元/袋","desc":"产地：韩国","limit":"2019.7.31-2019.8.14"},{"id":"code_preferential_P15_13","code":"8801906168502 \n8801906168304 ","name":"趣莱福蟹味/福蒜味虾片240g","price":"32.90元/袋","desc":"产地：韩国","limit":"2019.7.31-2019.8.14"},{"id":"code_preferential_P15_14","name":"韩今风味海苔15g","price":"6.50元/袋","desc":"产地：韩国","limit":"2019.7.31-2019.8.14"}],"P16":[{"id":"code_preferential_P16_1","code":8801117109400,"name":"好丽友高笑美饼干80g","price":"9.50元/盒","desc":"产地：韩国","limit":"2019.7.31-2019.8.14"},{"id":"code_preferential_P16_2","code":8801019313875,"name":"海太牌烤薯棒饼干27g","price":"4.20元/盒","desc":"产地：韩国","limit":"2019.7.31-2019.8.14"},{"id":"code_preferential_P16_3","code":8801498100065,"name":"韩今烤海苔20g","price":"9.90元/袋","desc":"产地：韩国","limit":"2019.7.31-2019.8.14"},{"id":"code_preferential_P16_4","code":"8809027290065 \n8809027290058 ","name":"韩今葡萄籽油/橄榄油海苔5g*3","price":"11.80元/袋","desc":"产地：韩国","limit":"2019.7.31-2019.8.14"},{"id":"code_preferential_P16_5","code":8801039926857,"name":"海牌4连包海苔2g*8*4","price":"38.50元/包","desc":"产地：韩国","limit":"2019.7.31-2019.8.14"},{"id":"code_preferential_P16_6","code":"8809285790499 \n8809285790482 \n8809285790475 ","name":"高邦喜葡萄味/喜绿茶味/喜传统海苔15g","price":"9.90元/包","desc":"产地：韩国","limit":"2019.7.31-2019.8.14"},{"id":"code_preferential_P16_7","code":"8809273401543 \n8809273401505 ","name":"ZEK橄榄油/葡萄籽油烤海苔12g","price":"9.80元/包","desc":"产地：韩国","limit":"2019.7.31-2019.8.14"},{"id":"code_preferential_P16_8","code":8809420330825,"name":"ZEK迷你传统海苔16g","price":"10.50元/袋","desc":"产地：韩国","limit":"2019.7.31-2019.8.14"},{"id":"code_preferential_P16_9","code":8801019313868,"name":"海太牌ACE饼干121g","price":"6.90元/盒","desc":"产地：韩国","limit":"2019.7.31-2019.8.14"},{"id":"code_preferential_P16_10","code":8801019313844,"name":"海太牌ACE饼干364g","price":"20.20元/盒","desc":"产地：韩国","limit":"2019.7.31-2019.8.14"},{"id":"code_preferential_P16_11","code":8801019313882,"name":"海太牌马铃薯薄脆饼干80g","price":"8.30元/盒","desc":"产地：韩国","limit":"2019.7.31-2019.8.14"},{"id":"code_preferential_P16_12","code":8801161235124,"name":"新松辣酱170g","price":"9.90元/盒","desc":"产地：韩国","limit":"2019.7.31-2019.8.14"},{"id":"code_preferential_P16_13","code":8801161241705,"name":"新松大酱500g","price":"12.50元/盒","desc":"产地：韩国","limit":"2019.7.31-2019.8.14"},{"id":"code_preferential_P16_14","code":8801791947039,"name":"韩今包饭酱200g","price":"13.20元/盒","desc":"产地：韩国","limit":"2019.7.31-2019.8.14"},{"id":"code_preferential_P16_15","code":8801791000147,"name":"韩今包饭酱500g","price":"16.50元/盒","desc":"产地：韩国","limit":"2019.7.31-2019.8.14"},{"id":"code_preferential_P16_16","code":8801791000413,"name":"韩今辣酱200g","price":"14.80元/盒","desc":"产地：韩国","limit":"2019.7.31-2019.8.14"},{"id":"code_preferential_P16_17","code":8801791000178,"name":"韩今辣酱500g","price":"24.50元/盒","desc":"产地：韩国","limit":"2019.7.31-2019.8.14"},{"id":"code_preferential_P16_18","code":"8801073101524 \n8801073101630 ","name":"三养炸酱140g/泡菜风味120g拉面","price":"5.20元/包","desc":"产地：韩国","limit":"2019.7.31-2019.8.14"}]}